,Accuracy,AUC,Precision,Recall,F1,JI,MCC
0,0.55,0.8367418546365915,0.5378787878787878,0.9523809523809523,0.6851851851851852,0.5214285714285714,0.11034492637863572
