,Accuracy,AUC,Precision,Recall,F1,JI,MCC
count,1.0,1.0,1.0,1.0,1.0,1.0,1.0
mean,0.55,0.8367418546365915,0.5378787878787878,0.9523809523809523,0.6851851851851852,0.5214285714285714,0.11034492637863572
std,,,,,,,
min,0.55,0.8367418546365915,0.5378787878787878,0.9523809523809523,0.6851851851851852,0.5214285714285714,0.11034492637863572
25%,0.55,0.8367418546365915,0.5378787878787878,0.9523809523809523,0.6851851851851852,0.5214285714285714,0.11034492637863572
50%,0.55,0.8367418546365915,0.5378787878787878,0.9523809523809523,0.6851851851851852,0.5214285714285714,0.11034492637863572
75%,0.55,0.8367418546365915,0.5378787878787878,0.9523809523809523,0.6851851851851852,0.5214285714285714,0.11034492637863572
max,0.55,0.8367418546365915,0.5378787878787878,0.9523809523809523,0.6851851851851852,0.5214285714285714,0.11034492637863572
