,Accuracy,AUC,Precision,Recall,F1,JI,MCC
0,0.756578947368421,0.851268115942029,0.9104477611940298,0.6630434782608695,0.7672955974842768,0.6224489795918368,0.554325180462974
